id,name,read,pattern,sequence,feature_type
CD107a_LAMP_1,CD107a_LAMP_1,R2,^(BC),CAGCCCACTGCAATA,Antibody Capture
CD115_CSF_1R,CD115_CSF_1R,R2,^(BC),AATCACGGTCCTTGT,Antibody Capture
CD119_IFN_g_R_a_chain,CD119_IFN_g_R_a_chain,R2,^(BC),TGTGTATTCCCTTGT,Antibody Capture
CD11b,CD11b,R2,^(BC),GACAAGTGATCTGCA,Antibody Capture
CD11c,CD11c,R2,^(BC),TACGCCTATAACTTG,Antibody Capture
CD123,CD123,R2,^(BC),CTTCACTCTGTCAGG,Antibody Capture
CD127_IL_7Ra,CD127_IL_7Ra,R2,^(BC),GTGTGTTGTCCTATG,Antibody Capture
CD135_Flt_3_Flk_2,CD135_Flt_3_Flk_2,R2,^(BC),CAGTAGATGGAGCAT,Antibody Capture
CD137_4_1BB,CD137_4_1BB,R2,^(BC),CAGTAAGTTCGGGAC,Antibody Capture
CD137L_4_1BB_Ligand,CD137L_4_1BB_Ligand,R2,^(BC),ATTCGCCTTACGCAA,Antibody Capture
CD14,CD14,R2,^(BC),CAATCAGACCTATGA,Antibody Capture
CD141_Thrombomodulin,CD141_Thrombomodulin,R2,^(BC),GGATAACCGCGCTTT,Antibody Capture
CD152_CTLA_4,CD152_CTLA_4,R2,^(BC),ATGGTTCACGTAATC,Antibody Capture
CD154,CD154,R2,^(BC),GCTAGATAGATGCAA,Antibody Capture
CD158e1_KIR3DL1_NKB1,CD158e1_KIR3DL1_NKB1,R2,^(BC),GGACGCTTTCCTTGA,Antibody Capture
CD16,CD16,R2,^(BC),AAGTTCACTCTTTGC,Antibody Capture
CD163,CD163,R2,^(BC),GCTTCTCCTTCCTTA,Antibody Capture
CD172a_SIRPa,CD172a_SIRPa,R2,^(BC),CGTGTTTAACTTGAG,Antibody Capture
CD178_Fas_L,CD178_Fas_L,R2,^(BC),CCGGTCCTCTGTATT,Antibody Capture
CD183_CXCR3,CD183_CXCR3,R2,^(BC),GCGATGGTAGATTAT,Antibody Capture
CD185_CXCR5,CD185_CXCR5,R2,^(BC),AATTCAACCGTCGCC,Antibody Capture
CD19,CD19,R2,^(BC),CTGGGCAATTACTCG,Antibody Capture
CD196_CCR6,CD196_CCR6,R2,^(BC),GATCCCTTTGTCACT,Antibody Capture
CD197_CCR7,CD197_CCR7,R2,^(BC),AGTTCAGTCAACCGA,Antibody Capture
CD1c,CD1c,R2,^(BC),GAGCTACTTCACTCG,Antibody Capture
CD20,CD20,R2,^(BC),TTCTGGGTCCCTAGA,Antibody Capture
CD218a_IL_18Ra,CD218a_IL_18Ra,R2,^(BC),TTGTTGTATCCGATC,Antibody Capture
CD223_LAG_3,CD223_LAG_3,R2,^(BC),CATTTGTCTGCCGGT,Antibody Capture
CD226,CD226,R2,^(BC),TCTCAGTGTTTGTGG,Antibody Capture
CD24,CD24,R2,^(BC),AGATTCCTTCGTGTT,Antibody Capture
CD244_2B4,CD244_2B4,R2,^(BC),TCGCTTGGATGGTAG,Antibody Capture
CD25,CD25,R2,^(BC),TTTGTCCTGTACGCC,Antibody Capture
CD27,CD27,R2,^(BC),GCACTCCTGCATGTA,Antibody Capture
CD273_B7_DC_PD_L2,CD273_B7_DC_PD_L2,R2,^(BC),TCAACGCTTGGCTAG,Antibody Capture
CD274_B7_H1_PD_L1,CD274_B7_H1_PD_L1,R2,^(BC),GTTGTCCGACAATAC,Antibody Capture
CD275,CD275,R2,^(BC),GTGCATTCAACAGTA,Antibody Capture
CD278_ICOS,CD278_ICOS,R2,^(BC),CGCGCACCCATTAAA,Antibody Capture
CD279_PD_1,CD279_PD_1,R2,^(BC),ACAGCGCCGTATTTA,Antibody Capture
CD28,CD28,R2,^(BC),TGAGAACGACCCTAA,Antibody Capture
CD3,CD3,R2,^(BC),CTCATTGTAACTCCT,Antibody Capture
CD303_BDCA_2,CD303_BDCA_2,R2,^(BC),GAGATGTCCGAATTT,Antibody Capture
CD307c_FcRL3,CD307c_FcRL3,R2,^(BC),GCCTAGTTTGAACGC,Antibody Capture
CD307d_FcRL4,CD307d_FcRL4,R2,^(BC),CGATTTGATCTGCCT,Antibody Capture
CD307e_FcRL5,CD307e_FcRL5,R2,^(BC),TCACGCAGTCCTCAA,Antibody Capture
CD314_NKG2D,CD314_NKG2D,R2,^(BC),CGTGTTTGTTCCTCA,Antibody Capture
CD335_NKp46,CD335_NKp46,R2,^(BC),ACAATTTGAACAGCG,Antibody Capture
CD336,CD336,R2,^(BC),GGGCAATTAGCGAGT,Antibody Capture
CD337_NKp30,CD337_NKp30,R2,^(BC),AAAGTCACTCTGCCG,Antibody Capture
CD34,CD34,R2,^(BC),GCAGAAATCTCCCTT,Antibody Capture
CD357_GITR,CD357_GITR,R2,^(BC),ACCTTTCGACACTCG,Antibody Capture
CD366_Tim_3,CD366_Tim_3,R2,^(BC),TGTCCTACCCAACTT,Antibody Capture
CD38,CD38,R2,^(BC),CCTATTCCGATTCCG,Antibody Capture
CD39,CD39,R2,^(BC),TTACCTGGTATCCGT,Antibody Capture
CD4,CD4,R2,^(BC),GAGGTTAGTGATGGA,Antibody Capture
CD40,CD40,R2,^(BC),CTCAGATGGAGTATG,Antibody Capture
CD44,CD44,R2,^(BC),AATCCTTCCGAATGT,Antibody Capture
CD45,CD45,R2,^(BC),TCCCTTGCGATTTAC,Antibody Capture
CD45RA,CD45RA,R2,^(BC),TCAATCCTTCCGCTT,Antibody Capture
CD45RO,CD45RO,R2,^(BC),CTCCGAATCATGTTG,Antibody Capture
CD47,CD47,R2,^(BC),GCATTCTGTCACCTA,Antibody Capture
CD48,CD48,R2,^(BC),CTACGACGTAGAAGA,Antibody Capture
CD56_NCAM,CD56_NCAM,R2,^(BC),TCCTTTCCTGATAGG,Antibody Capture
CD57_Recombinant,CD57_Recombinant,R2,^(BC),AACTCCCTATGGAGG,Antibody Capture
CD62L,CD62L,R2,^(BC),GTCCCTGCAACTTGA,Antibody Capture
CD64,CD64,R2,^(BC),AAGTATGCCCTACGA,Antibody Capture
CD69,CD69,R2,^(BC),GTCTCTTGGCTTAAA,Antibody Capture
CD70,CD70,R2,^(BC),CGCGAACATAAGAAG,Antibody Capture
CD8,CD8,R2,^(BC),GCGCAACTTGATGAT,Antibody Capture
CD80,CD80,R2,^(BC),ACGAATCAATCTGTG,Antibody Capture
CD86,CD86,R2,^(BC),GTCTTTGTCAGTGCA,Antibody Capture
CD8a,CD8a,R2,^(BC),GCTGCGCTTTCCATT,Antibody Capture
CD94,CD94,R2,^(BC),CTTTCCGGTCCTACA,Antibody Capture
CD95_Fas,CD95_Fas,R2,^(BC),CCAGCTCATTAGAGC,Antibody Capture
HLA_A_B_C,HLA_A_B_C,R2,^(BC),TATGCGAGGCTTATC,Antibody Capture
HLA_A2,HLA_A2,R2,^(BC),GAACATTTCCGACAA,Antibody Capture
HLA_DR,HLA_DR,R2,^(BC),AATAGCGAGCAAGTA,Antibody Capture
HLA_E,HLA_E,R2,^(BC),GAGTCGAGAAATCAT,Antibody Capture
IgD,IgD,R2,^(BC),CAGTCTCCGTAGAGT,Antibody Capture
IgM,IgM,R2,^(BC),TAGCGAGCCCGTATA,Antibody Capture
KLRG1_MAFA,KLRG1_MAFA,R2,^(BC),CTTATTTCCTGCCCT,Antibody Capture
Lymphotoxin_b_Receptor_LT_bR,Lymphotoxin_b_Receptor_LT_bR,R2,^(BC),CCTCTATTCAGAGCA,Antibody Capture
NKp80,NKp80,R2,^(BC),TATAGTTCCTCTGTG,Antibody Capture
TCR_g_d,TCR_g_d,R2,^(BC),CTTCCGATTCATTCA,Antibody Capture
TIGIT_VSTM3,TIGIT_VSTM3,R2,^(BC),TTGCTTACCGCCAGA,Antibody Capture
b2_microglobulin,b2_microglobulin,R2,^(BC),CAGCCCGATTAAGGT,Antibody Capture
